product_name,category,price,reviews
Dell XPS 13 Laptop,Laptop,1200.0,4.5
Apple MacBook Pro,Laptop,1800.0,4.8
Samsung Galaxy S20,Phone,999.0,4.7
iPhone 12,Phone,1099.0,4.9
Logitech MX Master 3,Accessory,99.0,4.6
Bose QuietComfort 35 II,Accessory,299.0,4.7
Samsung Phone,Smartwatch,1856.49,4.4
Microsoft Phone,Phone,2020.02,3.8
Dell Tablet,Monitor,1533.72,3.6
Asus Phone,Monitor,1187.13,4.7
Asus Headphones,Tablet,2108.73,3.8
Lenovo Keyboard,Keyboard,2769.93,4.6
HP Phone,Mouse,892.47,3.8
Microsoft Keyboard,Mouse,213.96,5.0
Apple Smartwatch,Tablet,2666.98,3.6
Sony Headphones,Smartwatch,1378.69,4.5
Sony Keyboard,Keyboard,2826.93,4.5
Asus Keyboard,Tablet,2665.6,3.8
Dell Headphones,Mouse,894.94,3.8
Microsoft Tablet,Monitor,1953.76,3.3
Microsoft Phone,Phone,366.76,3.7
Sony Monitor,Tablet,1176.84,4.1
Lenovo Headphones,Monitor,59.21,4.9
HP Phone,Accessory,2735.11,3.0
HP Monitor,Smartwatch,2334.05,3.6
HP Monitor,Mouse,67.74,4.2
Apple Phone,Laptop,2016.79,3.6
Dell Tablet,Laptop,1638.78,4.9
Apple Tablet,Tablet,541.23,4.7
Lenovo Headphones,Smartwatch,1917.74,3.2
Sony Keyboard,Phone,2110.95,3.6
Sony Monitor,Headphones,1796.43,4.9
HP Keyboard,Laptop,161.16,3.0
Samsung Monitor,Phone,2119.72,4.5
HP Tablet,Phone,1807.08,4.1
Lenovo Smartwatch,Mouse,745.47,3.6
Dell Monitor,Mouse,2027.37,3.4
Sony Tablet,Headphones,1719.18,4.2
Microsoft Headphones,Mouse,2295.71,3.7
Apple Keyboard,Laptop,2079.93,3.4
HP Monitor,Laptop,635.12,4.7
Sony Tablet,Keyboard,1340.86,3.2
Apple Keyboard,Headphones,1273.37,4.2
Microsoft Mouse,Tablet,1469.01,3.2
Dell Tablet,Monitor,2965.2,4.4
Lenovo Laptop,Keyboard,1628.35,3.7
Dell Headphones,Smartwatch,2326.05,4.6
Microsoft Keyboard,Tablet,417.0,3.7
Samsung Mouse,Mouse,2606.83,4.5
Microsoft Tablet,Keyboard,1450.44,3.1
Microsoft Smartwatch,Phone,307.66,4.1
Apple Phone,Smartwatch,256.17,3.4
HP Phone,Monitor,2149.79,3.7
Microsoft Monitor,Smartwatch,2026.61,3.7
Apple Phone,Mouse,2345.21,4.1
Sony Monitor,Phone,1590.58,4.0
