name,rating,image_url,salary,description
TUF,4,p1.jpg,51000,
ACER,3.8,p2a.jpg,38000,
Lenova,3.2,p3l.jpg,48000,
HP Victus,3.0,p4wi.jpg,58000,
Wings nuvobook,4.9,p5w.jpg,28000,
Samsung Galaxy S21,4.5,s21.jpg,75000,Flagship Android smartphone with powerful camera and 5G connectivity.
Google Pixel 5,4.2,g.jpg,65000,Pure Android experience with excellent camera quality and fast updates.
OnePlus 9 Pro,4.7,o.jpg,72000,Premium Android smartphone with Hasselblad camera system and fast charging.
Xiaomi Redmi Note 10,4.3,x.jpg,30000,Budget-friendly Android smartphone with high-resolution display and large battery.
iPhone 15 Pro,4.8,i.jpg,100000,Flagship iOS smartphone with LiDAR scanner and 5G connectivity.
Sony Xperia 1 III,4.6,s.jpg,85000,Premium Android smartphone with 4K OLED display and professional camera features.
Samsung Galaxy Tab S7,4.4,so.jpg,60000,High-performance Android tablet with S Pen support and 120Hz display.
Apple iPad Pro,4.9,ap.jpg,90000,Powerful iPad with M1 chip and Liquid Retina XDR display for professional use.
Dell XPS 15,4.7,dell.jpg,95000,Premium Windows laptop with stunning display and exceptional build quality.
Microsoft Surface Laptop 4,4.5,ms.jpg,80000,Sleek and versatile laptop with touch screen and Surface Pen compatibility.
